Month,Opening Principal Balance,Rates,Cashflow,Interest Paid,Principal Paid,Closing Princial Balance
0,1000000.0,0.0978,8613.583831412854,8150.00000000002,463.5838314128341,999536.4161685872
1,999536.4161685872,0.0978,8613.583831412854,8146.2217917740545,467.3620396387996,999069.0541289484
2,999069.0541289484,0.0978,8613.583831412854,8142.412791150991,471.1710402618628,998597.8830886865
3,998597.8830886865,0.0978,8613.583831412854,8138.572747172808,475.01108424004633,998122.8720044465
4,998122.8720044465,0.0978,8613.583831412854,8134.7014068361805,478.88242457667366,997643.9895798698
5,997643.9895798698,0.0978,8613.583831412854,8130.798515075721,482.7853163371328,997161.2042635327
6,997161.2042635327,0.0978,8613.583831412854,8126.863814748029,486.7200166648254,996674.4842468678
7,996674.4842468678,0.0978,8613.583831412854,8122.897046611781,490.6867848010734,996183.7974620668
8,996183.7974620668,0.0978,8613.583831412854,8118.89794931586,494.68588209699374,995689.1115799698
9,995689.1115799698,0.0978,8613.583831412854,8114.866259376888,498.71757203596644,995190.3940079338
10,995190.3940079338,0.0978,8613.583831412854,8110.8017111643185,502.78212024853565,994687.6118876853
11,994687.6118876853,0.0978,8613.583831412854,8106.704036884728,506.8797945281258,994180.7320931571
12,994180.7320931571,0.0978,8613.583831412854,8102.572966559228,511.0108648536261,993669.7212283035
13,993669.7212283035,0.0978,8613.583831412854,8098.408228010658,515.1756034021964,993154.5456249013
14,993154.5456249013,0.0978,8613.583831412854,8094.209546842865,519.374284569989,992635.1713403313
15,992635.1713403313,0.0978,8613.583831412854,8089.976646423942,523.6071849889122,992111.5641553424
16,992111.5641553424,0.0978,8613.583831412854,8085.709247865967,527.8745835468872,991583.6895717955
17,991583.6895717955,0.0978,8613.583831412854,8081.407070010106,532.1767614027485,991051.5128103928
18,991051.5128103928,0.0978,8613.583831412854,8077.069829404607,536.5140020082472,990514.9988083845
19,990514.9988083845,0.0978,8613.583831412854,8072.697240288389,540.8865911244648,989974.1122172601
20,989974.1122172601,0.0978,8613.583831412854,8068.289014570551,545.2948168423027,989428.8174004178
21,989428.8174004178,0.0978,8613.583831412854,8063.8448618137245,549.7389695991296,988879.0784308186
22,988879.0784308186,0.0978,8613.583831412854,8059.364489210906,554.2193422019482,988324.8590886167
23,988324.8590886167,0.0978,8613.583831412854,8054.8476015723045,558.7362298405496,987766.1228587761
24,987766.1228587761,0.0978,8613.583831412854,8050.293901298914,563.2899301139405,987202.8329286622
25,987202.8329286622,0.0978,8613.583831412854,8045.703088368658,567.8807430441957,986634.952185618
26,986634.952185618,0.0978,8613.583831412854,8041.0748603128795,572.5089710999746,986062.443214518
27,986062.443214518,0.0978,8613.583831412854,8036.408912198289,577.1749192145653,985485.2682953035
28,985485.2682953035,0.0978,8613.583831412854,8031.704936606713,581.878894806141,984903.3894004973
29,984903.3894004973,0.0978,8613.583831412854,8026.9626236139065,586.6212077989476,984316.7681926984
30,984316.7681926984,0.0978,8613.583831412854,8022.181660770342,591.4021706425119,983725.3660220559
31,983725.3660220559,0.0978,8613.583831412854,8017.3617330797915,596.2220983330626,983129.1439237228
32,983129.1439237228,0.0978,8613.583831412854,8012.502522978602,601.0813084342517,982528.0626152885
33,982528.0626152885,0.0978,8613.583831412854,8007.603710314628,605.9801210982259,981922.0824941903
34,981922.0824941903,0.0978,8613.583831412854,8002.664972327553,610.9188590853009,981311.163635105
35,981311.163635105,0.0978,8613.583831412854,7997.6859836260755,615.8978477867786,980695.2657873182
36,980695.2657873182,0.0978,8613.583831412854,7992.6664161667195,620.9174152461346,980074.3483720721
37,980074.3483720721,0.0978,8613.583831412854,7987.605939232299,625.9778921805555,979448.3704798915
38,979448.3704798915,0.0978,8613.583831412854,7982.504219411077,631.0796120017767,978817.2908678898
39,978817.2908678898,0.0978,8613.583831412854,7977.3609205732555,636.2229108395986,978181.0679570502
40,978181.0679570502,0.0978,8613.583831412854,7972.175703850013,641.4081275628414,977539.6598294873
41,977539.6598294873,0.0978,8613.583831412854,7966.948227610343,646.6356038025115,976893.0242256848
42,976893.0242256848,0.0978,8613.583831412854,7961.678147439166,651.9056839736877,976241.1185417111
43,976241.1185417111,0.0978,8613.583831412854,7956.365116114981,657.2187152978731,975583.8998264133
44,975583.8998264133,0.0978,8613.583831412854,7951.0087835852955,662.5750478275586,974921.3247785857
45,974921.3247785857,0.0978,8613.583831412854,7945.60879694556,667.9750344672939,974253.3497441184
46,974253.3497441184,0.0978,8613.583831412854,7940.164800414486,673.4190309983678,973579.93071312
47,973579.93071312,0.0978,8613.583831412854,7934.676435311927,678.9073961009271,972901.0233170191
48,972901.0233170191,0.0978,8613.583831412854,7929.143340033848,684.4404913790058,972216.5828256401
49,972216.5828256401,0.0978,8613.583831412854,7923.565150028697,690.0186813841574,971526.564144256
50,971526.564144256,0.0978,8613.583831412854,7917.941497775862,695.6423336369917,970830.921810619
51,970830.921810619,0.0978,8613.583831412854,7912.272012756575,701.3118186562788,970129.6099919627
52,970129.6099919627,0.0978,8613.583831412854,7906.556321434464,707.0275099783903,969422.5824819843
53,969422.5824819843,0.0978,8613.583831412854,7900.794047228197,712.789784184657,968709.7926977996
54,968709.7926977996,0.0978,8613.583831412854,7894.984810487038,718.5990209258161,967991.1936768738
55,967991.1936768738,0.0978,8613.583831412854,7889.128228466396,724.4556029464584,967266.7380739274
56,967266.7380739274,0.0978,8613.583831412854,7883.223915302564,730.3599161102902,966536.3781578171
57,966536.3781578171,0.0978,8613.583831412854,7877.271481986294,736.3123494265601,965800.0658083905
58,965800.0658083905,0.0978,8613.583831412854,7871.270536338232,742.3132950746221,965057.7525133159
59,965057.7525133159,0.0978,8613.583831412854,7865.220682983656,748.3631484291982,964309.3893648867
60,964309.3893648867,0.0978,8613.583831412854,7859.121523323722,754.4623080891324,963554.9270567975
61,963554.9270567975,0.0978,8613.583831412854,7852.972655512878,760.6111758999759,962794.3158808976
62,962794.3158808976,0.0978,8613.583831412854,7846.773674429298,766.8101569835562,962027.505723914
63,962027.505723914,0.0978,8613.583831412854,7840.524171649964,773.0596597628901,961254.4460641511
64,961254.4460641511,0.0978,8613.583831412854,7834.223735422731,779.3600959901232,960475.085968161
65,960475.085968161,0.0978,8613.583831412854,7827.871950640712,785.7118807721417,959689.3740873889
66,959689.3740873889,0.0978,8613.583831412854,7821.468398812014,792.11543260084,958897.258654788
67,958897.258654788,0.0978,8613.583831412854,7815.012658036567,798.5711733762873,958098.6874814117
68,958098.6874814117,0.0978,8613.583831412854,7808.50430297353,805.0795284393243,957293.6079529724
69,957293.6079529724,0.0978,8613.583831412854,7801.942904816728,811.6409265961265,956481.9670263763
70,956481.9670263763,0.0978,8613.583831412854,7795.328031264964,818.2558001478901,955663.7112262284
71,955663.7112262284,0.0978,8613.583831412854,7788.659246493733,824.9245849191211,954838.7866413093
72,954838.7866413093,0.0978,8613.583831412854,7781.936111126464,831.6477202863898,954007.1389210229
73,954007.1389210229,0.0978,8613.583831412854,7775.158182206467,838.4256492063869,953168.7132718165
74,953168.7132718165,0.0978,8613.583831412854,7768.325013165382,845.2588182474719,952323.454453569
75,952323.454453569,0.0978,8613.583831412854,7761.4361537965215,852.1476776163327,951471.3067759527
76,951471.3067759527,0.0978,8613.583831412854,7754.491150223903,859.0926811889512,950612.2140947637
77,950612.2140947637,0.0978,8613.583831412854,7747.489544872331,866.0942865405232,949746.1198082232
78,949746.1198082232,0.0978,8613.583831412854,7740.430876436896,873.152954975958,948872.9668532473
79,948872.9668532473,0.0978,8613.583831412854,7733.314679853987,880.2691515588667,947992.6977016884
80,947992.6977016884,0.0978,8613.583831412854,7726.140486268929,887.4433451439254,947105.2543565445
81,947105.2543565445,0.0978,8613.583831412854,7718.907823005828,894.6760084070265,946210.5783481374
82,946210.5783481374,0.0978,8613.583831412854,7711.616213537074,901.96761787578,945308.6107302617
83,945308.6107302617,0.0978,8613.583831412854,7704.265177451676,909.3186539611779,944399.2920763005
84,944399.2920763005,0.0764,7088.259053749485,-18355.918160224115,25444.1772139736,918955.1148623269
85,918955.1148623269,0.0764,7088.259053749485,5850.680897956818,1237.5781557926675,917717.5367065342
86,917717.5367065342,0.0764,7088.259053749485,5842.801650365103,1245.457403384382,916472.0793031498
87,916472.0793031498,0.0764,7088.259053749485,5834.87223823018,1253.386815519305,915218.6924876305
88,915218.6924876305,0.0764,7088.259053749485,5826.892342171037,1261.3667115784483,913957.3257760521
89,913957.3257760521,0.0764,7088.259053749485,5818.8616407741665,1269.3974129753187,912687.9283630768
90,912687.9283630768,0.0764,7088.259053749485,5810.779810578317,1277.4792431711685,911410.4491199056
91,911410.4491199056,0.0764,7088.259053749485,5802.64652606343,1285.6125276860548,910124.8365922195
92,910124.8365922195,0.0764,7088.259053749485,5794.461459637141,1293.797594112344,908831.0389981072
93,908831.0389981072,0.0764,7088.259053749485,5786.224281621386,1302.0347721280996,907529.0042259791
94,907529.0042259791,0.0764,7088.259053749485,5777.934660238667,1310.3243935108185,906218.6798324683
95,906218.6798324683,0.0764,7088.259053749485,5769.592261600063,1318.6667921494227,904900.0130403189
96,904900.0130403189,0.0699,6646.3103411677275,-4933.78690266167,11580.097243829397,893319.9157964895
97,893319.9157964895,0.0699,6646.3103411677275,5203.588509514577,1442.7218316531507,891877.1939648363
98,891877.1939648363,0.0699,6646.3103411677275,5195.184654845156,1451.1256863225717,890426.0682785137
99,890426.0682785137,0.0699,6646.3103411677275,5186.731847722314,1459.5784934454132,888966.4897850683
100,888966.4897850683,0.0699,6646.3103411677275,5178.22980299813,1468.0805381695973,887498.4092468987
101,887498.4092468987,0.0699,6646.3103411677275,5169.678233863086,1476.632107304642,886021.7771395941
102,886021.7771395941,0.0699,6646.3103411677275,5161.0768518382665,1485.233489329461,884536.5436502646
103,884536.5436502646,0.0699,6646.3103411677275,5152.4253667626745,1493.884974405053,883042.6586758596
104,883042.6586758596,0.0699,6646.3103411677275,5143.723486786939,1502.5868543807883,881540.0718214788
105,881540.0718214788,0.0699,6646.3103411677275,5134.970918360164,1511.339422807563,880028.7323986712
106,880028.7323986712,0.0699,6646.3103411677275,5126.16736622236,1520.1429749453673,878508.5894237258
107,878508.5894237258,0.0699,6646.3103411677275,5117.312533393151,1528.9978077745764,876979.5916159513
108,876979.5916159513,0.0683,6539.247737692315,2029.6154481321528,4509.6322895601625,872469.9593263911
109,872469.9593263911,0.0683,6539.247737692315,4965.808185166209,1573.4395525261061,870896.519773865
110,870896.519773865,0.0683,6539.247737692315,4956.852691712901,1582.3950459794141,869314.1247278856
111,869314.1247278856,0.0683,6539.247737692315,4947.846226576129,1591.4015111161862,867722.7232167694
112,867722.7232167694,0.0683,6539.247737692315,4938.788499642043,1600.4592380502727,866122.2639787191
113,866122.2639787191,0.0683,6539.247737692315,4929.679219145556,1609.5685185467592,864512.6954601724
114,864512.6954601724,0.0683,6539.247737692315,4920.51809166092,1618.7296460313955,862893.965814141
115,862893.965814141,0.0683,6539.247737692315,4911.304822092289,1627.942915600026,861266.022898541
116,861266.022898541,0.0683,6539.247737692315,4902.039113664064,1637.2086240282515,859628.8142745127
117,859628.8142745127,0.0683,6539.247737692315,4892.720667912271,1646.5270697800443,857982.2872047327
118,857982.2872047327,0.0683,6539.247737692315,4883.349184673741,1655.8985530185746,856326.3886517141
119,856326.3886517141,0.0683,6539.247737692315,4873.924362075976,1665.323375616339,854661.0652760977
120,854661.0652760977,0.0806,7379.515919107158,29565.98487180847,-22186.46895270131,876847.534228799
121,876847.534228799,0.0806,7379.515919107158,5889.49260490344,1490.0233142037177,875357.5109145953
122,875357.5109145953,0.0806,7379.515919107158,5879.484614976362,1500.0313041307963,873857.4796104645
123,873857.4796104645,0.0806,7379.515919107158,5869.409404716949,1510.1065143902088,872347.3730960743
124,872347.3730960743,0.0806,7379.515919107158,5859.2665226286335,1520.2493964785244,870827.1236995958
125,870827.1236995958,0.0806,7379.515919107158,5849.055514182226,1530.460404924932,869296.6632946709
126,869296.6632946709,0.0806,7379.515919107158,5838.775921796012,1540.739997311146,867755.9232973597
127,867755.9232973597,0.0806,7379.515919107158,5828.427284813981,1551.0886342931772,866204.8346630665
128,866204.8346630665,0.0806,7379.515919107158,5818.009139486967,1561.506779620191,864643.3278834464
129,864643.3278834464,0.0806,7379.515919107158,5807.521018950181,1571.9949001569767,863071.3329832894
130,863071.3329832894,0.0806,7379.515919107158,5796.962453204353,1582.5534659028053,861488.7795173866
131,861488.7795173866,0.0806,7379.515919107158,5786.332969091862,1593.1829500152962,859895.5965673713
132,859895.5965673713,0.0713,6740.560364948726,-14338.568242697953,21079.12860764668,838816.4679597246
133,838816.4679597246,0.0713,6740.560364948726,4983.967847127375,1756.592517821351,837059.8754419032
134,837059.8754419032,0.0713,6740.560364948726,4973.53075991713,1767.0296050315956,835292.8458368717
135,835292.8458368717,0.0713,6740.560364948726,4963.031659014081,1777.5287059346447,833515.317130937
136,833515.317130937,0.0713,6740.560364948726,4952.4701759530235,1788.0901889957022,831727.2269419413
137,831727.2269419413,0.0713,6740.560364948726,4941.845940080029,1798.7144248686964,829928.5125170726
138,829928.5125170726,0.0713,6740.560364948726,4931.158578538942,1809.401786409784,828119.1107306628
139,828119.1107306628,0.0713,6740.560364948726,4920.407716257871,1820.1526486908551,826298.958081972
140,826298.958081972,0.0713,6740.560364948726,4909.5929759370865,1830.9673890116392,824467.9906929603
141,824467.9906929603,0.0713,6740.560364948726,4898.713978034002,1841.8463869147236,822626.1443060456
142,822626.1443060456,0.0713,6740.560364948726,4887.77034075188,1852.7900241968455,820773.3542818488
143,820773.3542818488,0.0713,6740.560364948726,4876.76168002435,1863.7986849243753,818909.5555969244
144,818909.5555969244,0.0716,6760.825155241264,5598.1557871771165,1162.6693680641474,817746.8862288602
145,817746.8862288602,0.0716,6760.825155241264,4879.223087832181,1881.6020674090832,815865.2841614512
146,815865.2841614512,0.0716,6760.825155241264,4867.996195496724,1892.82895974454,813972.4552017066
147,813972.4552017066,0.0716,6760.825155241264,4856.702316036763,1904.1228392045014,812068.3323625021
148,812068.3323625021,0.0716,6760.825155241264,4845.341049762874,1915.4841054783901,810152.8482570237
149,810152.8482570237,0.0716,6760.825155241264,4833.911994600285,1926.9131606409792,808225.9350963827
150,808225.9350963827,0.0716,6760.825155241264,4822.414746075019,1938.4104091662448,806287.5246872165
151,806287.5246872165,0.0716,6760.825155241264,4810.848897300393,1949.9762579408707,804337.5484292756
152,804337.5484292756,0.0716,6760.825155241264,4799.214038961416,1961.611116279848,802375.9373129958
153,802375.9373129958,0.0716,6760.825155241264,4787.509759300703,1973.3153959405608,800402.6219170552
154,800402.6219170552,0.0716,6760.825155241264,4775.735644105205,1985.0895111360587,798417.5324059192
155,798417.5324059192,0.0716,6760.825155241264,4763.891276688746,1996.9338785525179,796420.5985273666
156,796420.5985273666,0.05929999999999999,5950.575182455803,-28988.852193989464,34939.42737644527,761481.1711509214
157,761481.1711509214,0.05929999999999999,5950.575182455803,3762.9861207708964,2187.5890616849065,759293.5820892365
158,759293.5820892365,0.05929999999999999,5950.575182455803,3752.175784824278,2198.399397631525,757095.182691605
159,757095.182691605,0.05929999999999999,5950.575182455803,3741.312027801039,2209.2631546547636,754885.9195369502
160,754885.9195369502,0.05929999999999999,5950.575182455803,3730.3945857117433,2220.1805967440596,752665.7389402061
161,752665.7389402061,0.05929999999999999,5950.575182455803,3719.4231932629846,2231.1519891928183,750434.5869510133
162,750434.5869510133,0.05929999999999999,5950.575182455803,3708.3975838494734,2242.1775986063294,748192.409352407
163,748192.409352407,0.05929999999999999,5950.575182455803,3697.317489549845,2253.257692905958,745939.151659501
164,745939.151659501,0.05929999999999999,5950.575182455803,3686.1826411174625,2264.3925413383404,743674.7591181627
165,743674.7591181627,0.05929999999999999,5950.575182455803,3674.9927679755274,2275.5824144802755,741399.1767036824
166,741399.1767036824,0.05929999999999999,5950.575182455803,3663.747598210677,2286.8275842451258,739112.3491194373
167,739112.3491194373,0.05929999999999999,5950.575182455803,3652.4468585654176,2298.128323890385,736814.2207955469
168,736814.2207955469,0.058499999999999996,5899.409341792872,1213.7727817804016,4685.63656001247,732128.5842355344
169,732128.5842355344,0.058499999999999996,5899.409341792872,3569.126848148245,2330.282493644627,729798.3017418898
170,729798.3017418898,0.058499999999999996,5899.409341792872,3557.766720991761,2341.6426208011108,727456.6591210887
171,727456.6591210887,0.058499999999999996,5899.409341792872,3546.351213215331,2353.0581285775406,725103.6009925111
172,725103.6009925111,0.058499999999999996,5899.409341792872,3534.880054838436,2364.5292869544355,722739.0717055567
173,722739.0717055567,0.058499999999999996,5899.409341792872,3523.3529745645983,2376.0563672282733,720363.0153383284
174,720363.0153383284,0.058499999999999996,5899.409341792872,3511.769699774396,2387.6396420184756,717975.37569631
175,717975.37569631,0.058499999999999996,5899.409341792872,3500.129956519527,2399.279385273345,715576.0963110366
176,715576.0963110366,0.058499999999999996,5899.409341792872,3488.4334695164043,2410.9758722764673,713165.1204387601
177,713165.1204387601,0.058499999999999996,5899.409341792872,3476.6799621388245,2422.729379654047,710742.3910591061
178,710742.3910591061,0.058499999999999996,5899.409341792872,3464.8691564131923,2434.5401853796793,708307.8508737264
179,708307.8508737264,0.058499999999999996,5899.409341792872,3453.000773009441,2446.4085687834304,705861.442304943
180,705861.442304943,0.05809999999999999,5873.900013624854,2170.3106868430514,3703.589326781803,702157.8529781612
181,702157.8529781612,0.05809999999999999,5873.900013624854,3399.6142715025235,2474.2857421223307,699683.5672360389
182,699683.5672360389,0.05809999999999999,5873.900013624854,3387.6346047012375,2486.2654089236166,697197.3018271152
183,697197.3018271152,0.05809999999999999,5873.900013624854,3375.596936346312,2498.3030772785423,694698.9987498367
184,694698.9987498367,0.05809999999999999,5873.900013624854,3363.5009856138386,2510.3990280110156,692188.5997218257
185,692188.5997218257,0.05809999999999999,5873.900013624854,3351.3464703198297,2522.5535433050245,689666.0461785207
186,689666.0461785207,0.05809999999999999,5873.900013624854,3339.133106914396,2534.766906710458,687131.2792718102
187,687131.2792718102,0.05809999999999999,5873.900013624854,3326.8606104742976,2547.0394031505566,684584.2398686596
188,684584.2398686596,0.05809999999999999,5873.900013624854,3314.52869469747,2559.371318927384,682024.8685497323
189,682024.8685497323,0.05809999999999999,5873.900013624854,3302.1370718949947,2571.7629417298594,679453.1056080024
190,679453.1056080024,0.05809999999999999,5873.900013624854,3289.6854529853917,2584.2145606394624,676868.8910473629
191,676868.8910473629,0.05809999999999999,5873.900013624854,3277.173547487637,2596.7264661372174,674272.1645812257
192,674272.1645812257,0.0622,6137.673802033041,16600.43824779193,-10462.76444575889,684734.9290269846
193,684734.9290269846,0.0622,6137.673802033041,3549.2093821232884,2588.464419909753,682146.4646070749
194,682146.4646070749,0.0622,6137.673802033041,3535.7925082132897,2601.8812938197516,679544.5833132551
195,679544.5833132551,0.0622,6137.673802033041,3522.3060901737517,2615.3677118592896,676929.2156013958
196,676929.2156013958,0.0622,6137.673802033041,3508.7497675338273,2628.924034499214,674300.2915668966
197,674300.2915668966,0.0622,6137.673802033041,3495.1231779551345,2642.550624077907,671657.7409428187
198,671657.7409428187,0.0622,6137.673802033041,3481.425957220232,2656.2478448128095,669001.4930980059
199,669001.4930980059,0.0622,6137.673802033041,3467.657739224818,2670.016062808223,666331.4770351977
200,666331.4770351977,0.0622,6137.673802033041,3453.8181559657423,2683.855646067299,663647.6213891304
201,663647.6213891304,0.0622,6137.673802033041,3439.9068375336683,2697.766964499373,660949.854424631
202,660949.854424631,0.0622,6137.673802033041,3425.9234121009686,2711.7503899320727,658238.1040346989
203,658238.1040346989,0.0622,6137.673802033041,3411.8675059132256,2725.8062961198157,655512.2977385791
204,655512.2977385791,0.0618,6111.717594589232,2074.1361162386693,4037.581478350563,651474.7162602285
205,651474.7162602285,0.0618,6111.717594589232,3355.0947887401653,2756.622805849067,648718.0934543795
206,648718.0934543795,0.0618,6111.717594589232,3340.898181290142,2770.8194132990902,645947.2740410804
207,645947.2740410804,0.0618,6111.717594589232,3326.628461311464,2785.0891332777683,643162.1849078026
208,643162.1849078026,0.0618,6111.717594589232,3312.2852522753037,2799.4323423139285,640362.7525654887
209,640362.7525654887,0.0618,6111.717594589232,3297.8681757121904,2813.849418877042,637548.9031466116
210,637548.9031466116,0.0618,6111.717594589232,3283.376851205141,2828.340743384091,634720.5624032276
211,634720.5624032276,0.0618,6111.717594589232,3268.810896376506,2842.906698212726,631877.6557050148
212,631877.6557050148,0.0618,6111.717594589232,3254.169926880868,2857.5476677083643,629020.1080373065
213,629020.1080373065,0.0618,6111.717594589232,3239.453556392118,2872.264038197114,626147.8439991093
214,626147.8439991093,0.0618,6111.717594589232,3224.6613965954257,2887.0561979938066,623260.7878011155
215,623260.7878011155,0.0618,6111.717594589232,3209.793057175828,2901.9245374134043,620358.8632637021
216,620358.8632637021,0.061700000000000005,6105.2359555838375,2857.4886533220742,3247.7473022617633,617111.1159614404
217,617111.1159614404,0.061700000000000005,6105.2359555838375,3172.979654568455,2932.2563010153826,614178.859660425
218,614178.859660425,0.061700000000000005,6105.2359555838375,3157.902970087456,2947.3329854963813,611231.5266749286
219,611231.5266749286,0.061700000000000005,6105.2359555838375,3142.7487663202664,2962.487189263571,608269.039485665
220,608269.039485665,0.061700000000000005,6105.2359555838375,3127.5166446887633,2977.719310895074,605291.32017477
221,605291.32017477,0.061700000000000005,6105.2359555838375,3112.2062045654493,2993.029751018388,602298.2904237516
222,602298.2904237516,0.061700000000000005,6105.2359555838375,3096.8170432620427,3008.418912321795,599289.8715114298
223,599289.8715114298,0.061700000000000005,6105.2359555838375,3081.348756021329,3023.8871995625086,596265.9843118673
224,596265.9843118673,0.061700000000000005,6105.2359555838375,3065.8009360035394,3039.435019580298,593226.549292287
225,593226.549292287,0.061700000000000005,6105.2359555838375,3050.173174277854,3055.0627813059837,590171.486510981
226,590171.486510981,0.061700000000000005,6105.2359555838375,3034.465059810642,3070.7708957731957,587100.7156152078
227,587100.7156152078,0.061700000000000005,6105.2359555838375,3018.6761794549857,3086.559776128852,584014.155839079
228,584014.155839079,0.051000000000000004,5429.497734004053,-34031.57463166362,39461.07236566767,544553.0834734113
229,544553.0834734113,0.051000000000000004,5429.497734004053,2314.350604762094,3115.147129241959,541437.9363441693
230,541437.9363441693,0.051000000000000004,5429.497734004053,2301.1112294625527,3128.3865045415005,538309.5498396278
231,538309.5498396278,0.051000000000000004,5429.497734004053,2287.815586818502,3141.682147185551,535167.8676924423
232,535167.8676924423,0.051000000000000004,5429.497734004053,2274.4634376927315,3155.0342963113217,532012.8333961309
233,532012.8333961309,0.051000000000000004,5429.497734004053,2261.0545419334703,3168.443192070583,528844.3902040604
234,528844.3902040604,0.051000000000000004,5429.497734004053,2247.588658367171,3181.9090756368823,525662.4811284235
235,525662.4811284235,0.051000000000000004,5429.497734004053,2234.0655447957724,3195.4321892082808,522467.0489392152
236,522467.0489392152,0.051000000000000004,5429.497734004053,2220.484957991521,3209.0127760125324,519258.03616320266
237,519258.03616320266,0.051000000000000004,5429.497734004053,2206.8466536937085,3222.6510803103447,516035.3850828923
238,516035.3850828923,0.051000000000000004,5429.497734004053,2193.150386602156,3236.3473474018974,512799.0377354904
239,512799.0377354904,0.051000000000000004,5429.497734004053,2179.395910375755,3250.101823628298,509548.9359118621
240,509548.9359118621,0.05139999999999999,5454.102779424367,3556.994019574511,1897.1087598498561,507651.82715201227
241,507651.82715201227,0.05139999999999999,5454.102779424367,2174.441992967648,3279.6607864567195,504372.16636555555
242,504372.16636555555,0.05139999999999999,5454.102779424367,2160.394112599166,3293.7086668252014,501078.45769873034
243,501078.45769873034,0.05139999999999999,5454.102779424367,2146.286060476119,3307.8167189482483,497770.6409797821
244,497770.6409797821,0.05139999999999999,5454.102779424367,2132.117578863308,3321.985200561059,494448.65577922104
245,494448.65577922104,0.05139999999999999,5454.102779424367,2117.8884089209278,3336.2143705034396,491112.4414087176
246,491112.4414087176,0.05139999999999999,5454.102779424367,2103.5982907006655,3350.504488723702,487761.9369199939
247,487761.9369199939,0.05139999999999999,5454.102779424367,2089.246963140522,3364.8558162838453,484397.08110371005
248,484397.08110371005,0.05139999999999999,5454.102779424367,2074.8341640608523,3379.268615363515,481017.81248834654
249,481017.81248834654,0.05139999999999999,5454.102779424367,2060.359630158371,3393.743149265996,477624.06933908054
250,477624.06933908054,0.05139999999999999,5454.102779424367,2045.8230970023105,3408.279682422057,474215.7896566585
251,474215.7896566585,0.05139999999999999,5454.102779424367,2031.2242990291816,3422.8784803951858,470792.9111762633
252,470792.9111762633,0.048600000000000004,5282.981337369884,-7522.651390617423,12805.632727987308,457987.278448276
253,457987.278448276,0.048600000000000004,5282.981337369884,1854.8484777153926,3428.1328596544918,454559.1455886215
254,454559.1455886215,0.048600000000000004,5282.981337369884,1840.964539633772,3442.0167977361125,451117.1287908854
255,451117.1287908854,0.048600000000000004,5282.981337369884,1827.024371602979,3455.9569657669053,447661.1718251185
256,447661.1718251185,0.048600000000000004,5282.981337369884,1813.0277458916526,3469.953591478232,444191.21823364025
257,444191.21823364025,0.048600000000000004,5282.981337369884,1798.9744338461887,3484.0069035236957,440707.21133011655
258,440707.21133011655,0.048600000000000004,5282.981337369884,1784.8642058868418,3498.1171314830426,437209.0941986335
259,437209.0941986335,0.048600000000000004,5282.981337369884,1770.696831504406,3512.2845058654784,433696.80969276803
260,433696.80969276803,0.048600000000000004,5282.981337369884,1756.4720792555008,3526.5092581143836,430170.30043465365
261,430170.30043465365,0.048600000000000004,5282.981337369884,1742.189716760301,3540.7916206095833,426629.50881404406
262,426629.50881404406,0.048600000000000004,5282.981337369884,1727.8495106968903,3555.131826672994,423074.37698737107
263,423074.37698737107,0.048600000000000004,5282.981337369884,1713.4512267987002,3569.530110571184,419504.8468767999
264,419504.8468767999,0.0395,4745.372358881794,-28169.903657155708,32915.276016037504,386589.5708607624
265,386589.5708607624,0.0395,4745.372358881794,1272.524004083285,3472.848354798509,383116.7225059639
266,383116.7225059639,0.0395,4745.372358881794,1261.092544915371,3484.279813966423,379632.44269199745
267,379632.44269199745,0.0395,4745.372358881794,1249.6234571945806,3495.748901687213,376136.69379031024
268,376136.69379031024,0.0395,4745.372358881794,1238.1166170596098,3507.255741822184,372629.43804848805
269,372629.43804848805,0.0395,4745.372358881794,1226.5719002429232,3518.8004586388706,369110.6375898492
270,369110.6375898492,0.0395,4745.372358881794,1214.9891820666799,3530.383176815114,365580.25441303407
271,365580.25441303407,0.0395,4745.372358881794,1203.3683374427328,3542.004021439061,362038.250391595
272,362038.250391595,0.0395,4745.372358881794,1191.7092408723383,3553.6631180094555,358484.58727358555
273,358484.58727358555,0.0395,4745.372358881794,1180.0117664421978,3565.360592439596,354919.22668114596
274,354919.22668114596,0.0395,4745.372358881794,1168.2757878253888,3577.096571056405,351342.13011008955
275,351342.13011008955,0.0395,4745.372358881794,1156.5011782791535,3588.8711806026404,347753.2589294869
276,347753.2589294869,0.0335,4407.1353094094975,-17244.736019076285,21651.87132848578,326101.38760100113
277,326101.38760100113,0.0335,4407.1353094094975,910.3663737194456,3496.768935690052,322604.6186653111
278,322604.6186653111,0.0335,4407.1353094094975,900.6045604406117,3506.5307489688857,319098.0879163422
279,319098.0879163422,0.0335,4407.1353094094975,890.8154954330839,3516.3198139764136,315581.7681023658
280,315581.7681023658,0.0335,4407.1353094094975,880.999102618809,3526.1362067906884,312055.6318955751
281,312055.6318955751,0.0335,4407.1353094094975,871.155305708382,3535.9800037011155,308519.651891874
282,308519.651891874,0.0335,4407.1353094094975,861.2840281980189,3545.8512812114786,304973.8006106625
283,304973.8006106625,0.0335,4407.1353094094975,851.3851933713031,3555.7501160381944,301418.0504946243
284,301418.0504946243,0.0335,4407.1353094094975,841.458724297614,3565.6765851118835,297852.3739095124
285,297852.3739095124,0.0335,4407.1353094094975,831.5045438305551,3575.6307655789424,294276.7431439335
286,294276.7431439335,0.0335,4407.1353094094975,821.5225746099331,3585.6127347995644,290691.1304091339
287,290691.1304091339,0.0335,4407.1353094094975,811.5127390586731,3595.6225703508244,287095.5078387831
288,287095.5078387831,0.0448,5054.976484298041,32721.745984455254,-27666.769500157214,314762.2773389403
289,314762.2773389403,0.0448,5054.976484298041,1175.1125020653462,3879.863982232695,310882.4133567076
290,310882.4133567076,0.0448,5054.976484298041,1160.6276765315897,3894.3488077664515,306988.06454894115
291,306988.06454894115,0.0448,5054.976484298041,1146.0887743161047,3908.8877099819365,303079.1768389592
292,303079.1768389592,0.0448,5054.976484298041,1131.495593531964,3923.480890766077,299155.69594819314
293,299155.69594819314,0.0448,5054.976484298041,1116.8479315399645,3938.1285527580767,295217.56739543506
294,295217.56739543506,0.0448,5054.976484298041,1102.1455849429813,3952.83089935506,291264.73649608
295,291264.73649608,0.0448,5054.976484298041,1087.3883495852106,3967.5881347128307,287297.1483613672
296,287297.1483613672,0.0448,5054.976484298041,1072.5760205491433,3982.400463748898,283314.7478976183
297,283314.7478976183,0.0448,5054.976484298041,1057.708392151083,3997.268092146958,279317.4798054713
298,279317.4798054713,0.0448,5054.976484298041,1042.7852579403307,4012.1912263577105,275305.2885791136
299,275305.2885791136,0.0448,5054.976484298041,1027.8064106954016,4027.1700736026396,271278.11850551097
300,271278.11850551097,0.0387,4699.51131911563,-14458.790704528055,19158.302023643686,252119.81648186728
301,252119.81648186728,0.0387,4699.51131911563,813.0864081541249,3886.424910961505,248233.39157090578
302,248233.39157090578,0.0387,4699.51131911563,800.5526878160481,3898.9586312995816,244334.4329396062
303,244334.4329396062,0.0387,4699.51131911563,787.978546230227,3911.5327728854027,240422.9001667208
304,240422.9001667208,0.0387,4699.51131911563,775.3638530375492,3924.1474660780805,236498.7527006427
305,236498.7527006427,0.0387,4699.51131911563,762.708477459516,3936.8028416561137,232561.9498589866
306,232561.9498589866,0.0387,4699.51131911563,750.012288295361,3949.4990308202687,228612.45082816633
307,228612.45082816633,0.0387,4699.51131911563,737.2751539207702,3962.2361651948595,224650.21466297147
308,224650.21466297147,0.0387,4699.51131911563,724.4969422879103,3975.0143768277194,220675.20028614375
309,220675.20028614375,0.0387,4699.51131911563,711.6775209228099,3987.83379819282,216687.36648795093
310,216687.36648795093,0.0387,4699.51131911563,698.8167569237003,4000.6945621919294,212686.671925759
311,212686.671925759,0.0387,4699.51131911563,685.9145169604335,4013.596802155196,208673.0751236038
312,208673.0751236038,0.040100000000000004,4779.919879450224,3689.3335221297975,1090.586357320426,207582.48876628338
313,207582.48876628338,0.040100000000000004,4779.919879450224,693.6714832942171,4086.2483961560065,203496.24037012737
314,203496.24037012737,0.040100000000000004,4779.919879450224,680.0166032370116,4099.903276213212,199396.33709391416
315,199396.33709391416,0.040100000000000004,4779.919879450224,666.3160931222601,4113.6037863279635,195282.7333075862
316,195282.7333075862,0.040100000000000004,4779.919879450224,652.5698004695814,4127.350078980642,191155.38322860555
317,191155.38322860555,0.040100000000000004,4779.919879450224,638.7775722889864,4141.142307161237,187014.24092144432
318,187014.24092144432,0.040100000000000004,4779.919879450224,624.9392550792481,4154.980624370975,182859.26029707334
319,182859.26029707334,0.040100000000000004,4779.919879450224,611.0546948261845,4168.865184624039,178690.3951124493
320,178690.3951124493,0.040100000000000004,4779.919879450224,597.123737000883,4182.796142449341,174507.59896999996
321,174507.59896999996,0.040100000000000004,4779.919879450224,583.1462265583041,4196.7736528919195,170310.82531710804
322,170310.82531710804,0.040100000000000004,4779.919879450224,569.1220079346613,4210.797871515562,166100.02744559248
323,166100.02744559248,0.040100000000000004,4779.919879450224,555.050925047567,4224.8689544026565,161875.15849118982
324,161875.15849118982,0.0432,4960.465280479707,5934.156253768145,-973.6909732884378,162848.84946447826
325,162848.84946447826,0.0432,4960.465280479707,586.2558580720643,4374.209422407643,158474.64004207062
326,158474.64004207062,0.0432,4960.465280479707,570.5087041514771,4389.95657632823,154084.6834657424
327,154084.6834657424,0.0432,4960.465280479707,554.7048604765287,4405.760420003178,149678.9230457392
328,149678.9230457392,0.0432,4960.465280479707,538.8441229646405,4421.621157515066,145257.30188822414
329,145257.30188822414,0.0432,4960.465280479707,522.9262867976349,4437.538993682072,140819.76289454207
330,140819.76289454207,0.0432,4960.465280479707,506.95114642022145,4453.5141340594855,136366.2487604826
331,136366.2487604826,0.0432,4960.465280479707,490.9184955376395,4469.5467849420675,131896.70197554052
332,131896.70197554052,0.0432,4960.465280479707,474.82812711197676,4485.63715336773,127411.06482217279
333,127411.06482217279,0.0432,4960.465280479707,458.6798333598117,4501.785447119895,122909.2793750529
334,122909.2793750529,0.0432,4960.465280479707,442.4734057500891,4517.991874729618,118391.28750032328
335,118391.28750032328,0.0432,4960.465280479707,426.2086350011223,4534.256645478585,113857.03085484469
336,113857.03085484469,0.039900000000000005,4768.38962833982,-3672.9548142395806,8441.3444425794,105415.68641226529
337,105415.68641226529,0.039900000000000005,4768.38962833982,350.5071573207233,4417.882471019097,100997.8039412462
338,100997.8039412462,0.039900000000000005,4768.38962833982,335.8176981046845,4432.571930235135,96565.23201101106
339,96565.23201101106,0.039900000000000005,4768.38962833982,321.07939643652844,4447.310231903291,92117.92177910777
340,92117.92177910777,0.039900000000000005,4768.38962833982,306.2920899153969,4462.097538424423,87655.82424068335
341,87655.82424068335,0.039900000000000005,4768.38962833982,291.45561560032274,4476.934012739497,83178.89022794385
342,83178.89022794385,0.039900000000000005,4768.38962833982,276.56981000778524,4491.819818332035,78687.07040961181
343,78687.07040961181,0.039900000000000005,4768.38962833982,261.6345091120447,4506.755119227775,74180.31529038404
344,74180.31529038404,0.039900000000000005,4768.38962833982,246.64954834041328,4521.740079999407,69658.57521038463
345,69658.57521038463,0.039900000000000005,4768.38962833982,231.61476257460072,4536.774865765219,65121.80034461941
346,65121.80034461941,0.039900000000000005,4768.38962833982,216.52998614580338,4551.8596421940165,60569.940702425396
347,60569.940702425396,0.039900000000000005,4768.38962833982,201.39505283555536,4566.9945755042645,56002.94612692113
348,56002.94612692113,0.0455,5096.605238395522,3901.5722506305365,1195.0329877649856,54807.913139156146
349,54807.913139156146,0.0455,5096.605238395522,207.8133373192877,4888.791901076234,49919.12123807991
350,49919.12123807991,0.0455,5096.605238395522,189.2766680277391,4907.328570367783,45011.79266771213
351,45011.79266771213,0.0455,5096.605238395522,170.66971386519162,4925.93552453033,40085.8571431818
352,40085.8571431818,0.0455,5096.605238395522,151.99220833458548,4944.613030060937,35141.24411312086
353,35141.24411312086,0.0455,5096.605238395522,133.24388392891433,4963.361354466608,30177.882758654254
354,30177.882758654254,0.0455,5096.605238395522,114.42447212659408,4982.180766268928,25195.701992385326
355,25195.701992385326,0.0455,5096.605238395522,95.5337033878759,5001.071535007646,20194.63045737768
356,20194.63045737768,0.0455,5096.605238395522,76.57130715097173,5020.03393124455,15174.59652613313
357,15174.59652613313,0.0455,5096.605238395522,57.53701182824352,5039.0682265672785,10135.52829956585
358,10135.52829956585,0.0455,5096.605238395522,38.430544802550685,5058.174693592971,5077.353605972879
359,5077.353605972879,0.0455,5096.605238395522,19.251632422642615,5077.353605972879,0.0
